nctID,intervention
http://bio2rdf.org/clinicaltrials:NCT00531362,Plain aspirin
http://bio2rdf.org/clinicaltrials:NCT00812032,Aspirin
http://bio2rdf.org/clinicaltrials:NCT00812032,aspirin
http://bio2rdf.org/clinicaltrials:NCT00822536,Aspirin and Clopidogrel
http://bio2rdf.org/clinicaltrials:NCT01727427,"Heparin, fondaparinux, vitamin-K antagonists, aspirin"
http://bio2rdf.org/clinicaltrials:NCT01733485,Aspirin
http://bio2rdf.org/clinicaltrials:NCT01755520,Placebo - Aspirin
http://bio2rdf.org/clinicaltrials:NCT02565693,Aspirin
http://bio2rdf.org/clinicaltrials:NCT00535925,aspirin
http://bio2rdf.org/clinicaltrials:NCT00822536,Aspirin
http://bio2rdf.org/clinicaltrials:NCT01729468,Aspirin
http://bio2rdf.org/clinicaltrials:NCT02567461,Aspirin 81 mg
http://bio2rdf.org/clinicaltrials:NCT00814268,Aspirin
http://bio2rdf.org/clinicaltrials:NCT00818337,Aspirin
http://bio2rdf.org/clinicaltrials:NCT00823212,Aspirin
http://bio2rdf.org/clinicaltrials:NCT01718288,"Standard Treatment (aspirin.....),"
http://bio2rdf.org/clinicaltrials:NCT01740921,Aspirin
http://bio2rdf.org/clinicaltrials:NCT01758614,Aspirin
http://bio2rdf.org/clinicaltrials:NCT01763606,Aspirin
http://bio2rdf.org/clinicaltrials:NCT01762163,Aspirin Enteric-coated Tablets
http://bio2rdf.org/clinicaltrials:NCT02578537,aspirin
http://bio2rdf.org/clinicaltrials:NCT00276380,EGb761 (Tanakan) and acetylsalicylic acid
http://bio2rdf.org/clinicaltrials:NCT00276380,Placebo and acetylsalicylic acid
http://bio2rdf.org/clinicaltrials:NCT00528411,Aspirin Tablets
http://bio2rdf.org/clinicaltrials:NCT00536068,"Acetylsalicylic acid, acetaminophen, diclofenac, naproxen, placebo"
http://bio2rdf.org/clinicaltrials:NCT00816166,Aspirin and Clopidogrel (Medical therapy)
http://bio2rdf.org/clinicaltrials:NCT01739556,Antiplatelet Regimen Modification (aspirin or ticagrelor)
http://bio2rdf.org/clinicaltrials:NCT01755520,Aspirin
http://bio2rdf.org/clinicaltrials:NCT01762787,Aspirin
http://bio2rdf.org/clinicaltrials:NCT01762787,Placebo to aspirin
http://bio2rdf.org/clinicaltrials:NCT02578706,Aspirin
http://bio2rdf.org/clinicaltrials:NCT00630877,Aspirin (ASA) placebo
http://bio2rdf.org/clinicaltrials:NCT00646906,Aspirin last
http://bio2rdf.org/clinicaltrials:NCT00960817,"Statin, aspirin"
http://bio2rdf.org/clinicaltrials:NCT00959621,Aspirin
http://bio2rdf.org/clinicaltrials:NCT00858715,aspirin
http://bio2rdf.org/clinicaltrials:NCT00861341,pioglitazone and aspirin
http://bio2rdf.org/clinicaltrials:NCT01211925,Aspirin
http://bio2rdf.org/clinicaltrials:NCT01353144,aspirin
http://bio2rdf.org/clinicaltrials:NCT01361620,aspirin
http://bio2rdf.org/clinicaltrials:NCT02072226,aspirin
http://bio2rdf.org/clinicaltrials:NCT02081638,Aspirin 81 mg daily
http://bio2rdf.org/clinicaltrials:NCT01707823,acetylsalicylic acid
http://bio2rdf.org/clinicaltrials:NCT02090413,acetylsalicylic acid
http://bio2rdf.org/clinicaltrials:NCT02506140,Ticagrelor and Acetylsalicylic acid
http://bio2rdf.org/clinicaltrials:NCT02531165,Aspirin
http://bio2rdf.org/clinicaltrials:NCT00637468,Acetylsalicylic acid
http://bio2rdf.org/clinicaltrials:NCT00847860,Aspirin
http://bio2rdf.org/clinicaltrials:NCT00954707,Placebo & Aspirin
http://bio2rdf.org/clinicaltrials:NCT01352234,Acetylsalicylic Acid
http://bio2rdf.org/clinicaltrials:NCT01355705,Aspirin
http://bio2rdf.org/clinicaltrials:NCT01361399,"Acetylsalicylic acid (Aspirin, BAYE4465) & Lidocain"
http://bio2rdf.org/clinicaltrials:NCT01361399,"Acetylsalicylic Acid (Aspirin, BAYE4465)"
http://bio2rdf.org/clinicaltrials:NCT01362218,"Simvastatin, ramipril,  acetylsalicylic acid"
http://bio2rdf.org/clinicaltrials:NCT02071004,Aspirin
http://bio2rdf.org/clinicaltrials:NCT01696760,acetylsalicylic acid
http://bio2rdf.org/clinicaltrials:NCT02519608,Aspirin 100 mg
http://bio2rdf.org/clinicaltrials:NCT02520921,Conventional strategy Aspirin
http://bio2rdf.org/clinicaltrials:NCT02550717,"Acetylsalicylic Acid (Asprin, BAYE4465)"
http://bio2rdf.org/clinicaltrials:NCT00548678,aspirin
http://bio2rdf.org/clinicaltrials:NCT00637988,Aspirin
http://bio2rdf.org/clinicaltrials:NCT00954707,"Clopidogrel & Aspirin, Prasugrel & Aspirin"
http://bio2rdf.org/clinicaltrials:NCT00961350,EC Aspirin 325
http://bio2rdf.org/clinicaltrials:NCT00960869,EC Aspirin 325
http://bio2rdf.org/clinicaltrials:NCT00963443,"Acetylsalicylic Acid (Aspirin, BAYE4465)"
http://bio2rdf.org/clinicaltrials:NCT00861341,Pioglitazone + 81mg Aspirin
http://bio2rdf.org/clinicaltrials:NCT00966316,aspirin，chinese herbs；
http://bio2rdf.org/clinicaltrials:NCT01362218,"Cardiovascular fixed dose combination pill (acetylsalicylic acid, simvastatin and ramipril)"
http://bio2rdf.org/clinicaltrials:NCT02079194,aspirin plus P2Y12 antagonist
http://bio2rdf.org/clinicaltrials:NCT01708369,Aspirin
http://bio2rdf.org/clinicaltrials:NCT02520921,Novel strategy Aspirin
http://bio2rdf.org/clinicaltrials:NCT02521285,Aspirin
http://bio2rdf.org/clinicaltrials:NCT02545933,Aspirin
http://bio2rdf.org/clinicaltrials:NCT02548650,Aspirin
http://bio2rdf.org/clinicaltrials:NCT00157508,nitroaspirin
http://bio2rdf.org/clinicaltrials:NCT00161070,aspirin and dipyridamole
http://bio2rdf.org/clinicaltrials:NCT00386529,Aspirin enteric coated pellests 100mg
http://bio2rdf.org/clinicaltrials:NCT00664846,"Aspirin / Clopidogrel, Atorvastatin / Simvastatin"
http://bio2rdf.org/clinicaltrials:NCT00669149,bivalirudin + clopidogrel + aspirin
http://bio2rdf.org/clinicaltrials:NCT00669149,heparin + clopidogrel + aspirin
http://bio2rdf.org/clinicaltrials:NCT00669149,enoxaparin + clopidogrel + aspirin
http://bio2rdf.org/clinicaltrials:NCT00986765,Aspegic ® (Aspirin)
http://bio2rdf.org/clinicaltrials:NCT02029118,Aspirin: 100mg qd; Metoprolol：25mg bid; Ramipril:5mg qd; Atorvastatin:20mg qn.
http://bio2rdf.org/clinicaltrials:NCT02034292,Aspirin
http://bio2rdf.org/clinicaltrials:NCT02049762,Aspirin
http://bio2rdf.org/clinicaltrials:NCT02055131,aspirin
http://bio2rdf.org/clinicaltrials:NCT00153725,Aspirin and Pantoloc
http://bio2rdf.org/clinicaltrials:NCT00161070,aspirin alone
http://bio2rdf.org/clinicaltrials:NCT00669149,clopidogrel + aspirin
http://bio2rdf.org/clinicaltrials:NCT00977938,Placebo & Aspirin
http://bio2rdf.org/clinicaltrials:NCT01379079,Acetylsalicylic acid lysinate
http://bio2rdf.org/clinicaltrials:NCT02022527,Placebo (for Aspirin)
http://bio2rdf.org/clinicaltrials:NCT02046460,Acetylsalicylic acid
http://bio2rdf.org/clinicaltrials:NCT00662467,aspirin + clopidogrel + warfarin
http://bio2rdf.org/clinicaltrials:NCT00662467,aspirin + clopidogrel
http://bio2rdf.org/clinicaltrials:NCT00977938,"Clopidogrel & Aspirin, Prasugrel & Aspirin"
http://bio2rdf.org/clinicaltrials:NCT00983580,Aspirin
http://bio2rdf.org/clinicaltrials:NCT01382134,"Aspirin, desmopressin"
http://bio2rdf.org/clinicaltrials:NCT01379079,Acetylsalicylic acid
http://bio2rdf.org/clinicaltrials:NCT02047539,Aspirin
http://bio2rdf.org/clinicaltrials:NCT02062255,Aspirin
http://bio2rdf.org/clinicaltrials:NCT02060396,Acetylsalicylic acid
http://bio2rdf.org/clinicaltrials:NCT00261586,"aspirin, acetaminophen, ibuprofen, naproxen, celecoxib, rofecoxib"
http://bio2rdf.org/clinicaltrials:NCT00496769,Acetylsalicylic acid
http://bio2rdf.org/clinicaltrials:NCT00501345,Aspirin
http://bio2rdf.org/clinicaltrials:NCT00501059,"Aspirin (Acetylsalicylic acid, BAYE4465)"
http://bio2rdf.org/clinicaltrials:NCT00684515,Aspirin 75-150 mg
http://bio2rdf.org/clinicaltrials:NCT00684203,Aspirin
http://bio2rdf.org/clinicaltrials:NCT00719537,Aspirin and progesterone
http://bio2rdf.org/clinicaltrials:NCT00724724,Aspirin
http://bio2rdf.org/clinicaltrials:NCT00997503,aspirin
http://bio2rdf.org/clinicaltrials:NCT01042704,Aspirin
http://bio2rdf.org/clinicaltrials:NCT01046942,acetylsalicylic acid
http://bio2rdf.org/clinicaltrials:NCT01046942,Clopidogrel+acetylsalicylic acid
http://bio2rdf.org/clinicaltrials:NCT01051778,"Heparin calcium5,000 U twice daily plus low dose aspirin"
http://bio2rdf.org/clinicaltrials:NCT01422109,clopidogrel & aspirin
http://bio2rdf.org/clinicaltrials:NCT01657071,clopidogrel & aspirin
http://bio2rdf.org/clinicaltrials:NCT01486433,acetylsalicylic acid (ASA)
http://bio2rdf.org/clinicaltrials:NCT01201785,Aspirin
http://bio2rdf.org/clinicaltrials:NCT01494402,Buffered acetylsalicylic acid
http://bio2rdf.org/clinicaltrials:NCT01768637,Aspirin
http://bio2rdf.org/clinicaltrials:NCT01496261,Clopidogrel and Aspirin
http://bio2rdf.org/clinicaltrials:NCT01503658,Clopidogrel+Aspirin
http://bio2rdf.org/clinicaltrials:NCT01510327,Aspirin
http://bio2rdf.org/clinicaltrials:NCT01500434,Aspirin
http://bio2rdf.org/clinicaltrials:NCT01438580,aspirin
http://bio2rdf.org/clinicaltrials:NCT01775839,Aspirin+Clopidogrel/Digoxin(IV)
http://bio2rdf.org/clinicaltrials:NCT01776424,Aspirin placebo
http://bio2rdf.org/clinicaltrials:NCT01513070,Aspirin Enteric-coated Tablets
http://bio2rdf.org/clinicaltrials:NCT02237365,1000mg aspirin
http://bio2rdf.org/clinicaltrials:NCT02237365,81mg aspirin
http://bio2rdf.org/clinicaltrials:NCT01796951,Aspirin 325 mg daily
http://bio2rdf.org/clinicaltrials:NCT02251795,Aspirin
http://bio2rdf.org/clinicaltrials:NCT01809054,Aspirin
http://bio2rdf.org/clinicaltrials:NCT02268565,Aspirin
http://bio2rdf.org/clinicaltrials:NCT02158806,Aspirin
http://bio2rdf.org/clinicaltrials:NCT02168829,Acetylsalicylic acid
http://bio2rdf.org/clinicaltrials:NCT02174328,Acetylsalicylic acid
http://bio2rdf.org/clinicaltrials:NCT00110448,No aspirin
http://bio2rdf.org/clinicaltrials:NCT00564174,Low molecular weight heparin and low dose aspirin
http://bio2rdf.org/clinicaltrials:NCT00563875,acetylsalicylic acid
http://bio2rdf.org/clinicaltrials:NCT00566904,Epikeia coatings with aspirin
http://bio2rdf.org/clinicaltrials:NCT00882388,aspirin
http://bio2rdf.org/clinicaltrials:NCT01257893,Aspirin (acetylsalicylic acid)
http://bio2rdf.org/clinicaltrials:NCT01259856,Aspirin
http://bio2rdf.org/clinicaltrials:NCT01813435,Acetylsalicylic Acid
http://bio2rdf.org/clinicaltrials:NCT01831011,aspirin
http://bio2rdf.org/clinicaltrials:NCT01830491,aspirin 100mg
http://bio2rdf.org/clinicaltrials:NCT00776477,clopidogrel and aspirin
http://bio2rdf.org/clinicaltrials:NCT01122602,"Acetylsalicyclic acid (Fast acting Aspirin, BAY1019036)"
http://bio2rdf.org/clinicaltrials:NCT01616615,Aspirin
http://bio2rdf.org/clinicaltrials:NCT01635426,Aspirin
http://bio2rdf.org/clinicaltrials:NCT02407314,Aspirin
http://bio2rdf.org/clinicaltrials:NCT00110448,Aspirin
http://bio2rdf.org/clinicaltrials:NCT00565708,Acetylsalicylic acid
http://bio2rdf.org/clinicaltrials:NCT00568152,Aspirin
http://bio2rdf.org/clinicaltrials:NCT00882388,aspirin + celecoxib
http://bio2rdf.org/clinicaltrials:NCT01250340,Aspirin
http://bio2rdf.org/clinicaltrials:NCT01817400,Aspirin
http://bio2rdf.org/clinicaltrials:NCT01823510,Clopidogrel + Aspirin
http://bio2rdf.org/clinicaltrials:NCT00562289,aspirin
http://bio2rdf.org/clinicaltrials:NCT00872534,acetylsalicylic acid
http://bio2rdf.org/clinicaltrials:NCT01259817,Aspirin
http://bio2rdf.org/clinicaltrials:NCT01815008,Aspirin
http://bio2rdf.org/clinicaltrials:NCT01823510,Ticagrelor + Aspirin
http://bio2rdf.org/clinicaltrials:NCT00590174,"Aspirin,Clopidogrel"
http://bio2rdf.org/clinicaltrials:NCT00484926,"Aspirin,Clopidogrel"
http://bio2rdf.org/clinicaltrials:NCT01186146,"Aspirin,Clopidogrel"
http://bio2rdf.org/clinicaltrials:NCT00775762,aspirin
http://bio2rdf.org/clinicaltrials:NCT01122602,"Acetylsalicyclic acid (Aspirin, BAYE4465)"
http://bio2rdf.org/clinicaltrials:NCT01598337,Aspirin
http://bio2rdf.org/clinicaltrials:NCT01612273,Aspirin
http://bio2rdf.org/clinicaltrials:NCT01618006,Aspirin
http://bio2rdf.org/clinicaltrials:NCT01627431,Acetylsalicylic acid
http://bio2rdf.org/clinicaltrials:NCT01631409,"Aspirin, Isosorbide mononitrate, Atenolol, Enalapril."
http://bio2rdf.org/clinicaltrials:NCT02407314,Aspirin + Ticagrelor
http://bio2rdf.org/clinicaltrials:NCT02415400,Acetylsalicylic acid
http://bio2rdf.org/clinicaltrials:NCT02427126,Aspirin
http://bio2rdf.org/clinicaltrials:NCT02439190,Aspirin
http://bio2rdf.org/clinicaltrials:NCT00557921,Plavix (clopidogrel 75 mg) and aspirin
http://bio2rdf.org/clinicaltrials:NCT00557921,CGT-2168 (clopidogrel 75 mg/omeprazole 20 mg) and aspirin
http://bio2rdf.org/clinicaltrials:NCT00564174,Low dose aspirin
http://bio2rdf.org/clinicaltrials:NCT00882388,aspirin + clopidogrel
http://bio2rdf.org/clinicaltrials:NCT00882388,aspirin + clopidogrel + celecoxib
http://bio2rdf.org/clinicaltrials:NCT01248468,"Aspirin, acetaminophen and caffeine"
http://bio2rdf.org/clinicaltrials:NCT01830543,aspirin (ASA)
http://bio2rdf.org/clinicaltrials:NCT00484926,Aspirin monotherapy
http://bio2rdf.org/clinicaltrials:NCT01186146,Aspirin monotherapy
http://bio2rdf.org/clinicaltrials:NCT00486512,"aspirin, 1,25-dihydroxycholecalciferol, calcium"
http://bio2rdf.org/clinicaltrials:NCT00771914,Aspirin
http://bio2rdf.org/clinicaltrials:NCT00771914,Both Aspirin and Lovaza
http://bio2rdf.org/clinicaltrials:NCT00778193,Aspirin
http://bio2rdf.org/clinicaltrials:NCT01117636,"Acetylsalicylic Acid (Aspirin, BAY1019036)"
http://bio2rdf.org/clinicaltrials:NCT01612247,Cyclophosphamide and Methotrexate and Aspirin
http://bio2rdf.org/clinicaltrials:NCT02410083,Clopidogrel-Aspirin(co-administration) 1
http://bio2rdf.org/clinicaltrials:NCT02420652,Aspirin
http://bio2rdf.org/clinicaltrials:NCT02419820,Aspirin
http://bio2rdf.org/clinicaltrials:NCT00474903,acetylsalicylic acid
http://bio2rdf.org/clinicaltrials:NCT00479362,Aspirin
http://bio2rdf.org/clinicaltrials:NCT00482261,aspirin
http://bio2rdf.org/clinicaltrials:NCT00776477,aspirin
http://bio2rdf.org/clinicaltrials:NCT00775762,clopidogrel plus aspirin
http://bio2rdf.org/clinicaltrials:NCT00783614,Aspirin 325mg
http://bio2rdf.org/clinicaltrials:NCT01117636,"Acetylsalicylic Acid (Aspirin, BAYE4465)"
http://bio2rdf.org/clinicaltrials:NCT01618006,Aspirin
http://bio2rdf.org/clinicaltrials:NCT01618006,Aspirin
http://bio2rdf.org/clinicaltrials:NCT01621451,aspirin and/or clopidogrel
http://bio2rdf.org/clinicaltrials:NCT01621451,aspirin and/or clopidogrel
http://bio2rdf.org/clinicaltrials:NCT01631409,"Aspirin, Isosorbide mononitrate, Atenolol, Enalapril."
http://bio2rdf.org/clinicaltrials:NCT01629329,"Aspirin, Acetaminophen, Caffeine pills"
http://bio2rdf.org/clinicaltrials:NCT01631409,"Aspirin, Isosorbide mononitrate, Atenolol, Enalapril"
http://bio2rdf.org/clinicaltrials:NCT02402491,Aspirin
http://bio2rdf.org/clinicaltrials:NCT02410083,Clopidogrel-Aspirin(co-administration) 2
http://bio2rdf.org/clinicaltrials:NCT02409680,Low dose aspirin
http://bio2rdf.org/clinicaltrials:NCT02433587,Aspirin
http://bio2rdf.org/clinicaltrials:NCT02447809,acetylsalicylic acid (ASA)
http://bio2rdf.org/clinicaltrials:NCT00061373,Aspirin
http://bio2rdf.org/clinicaltrials:NCT00262275,"Aspirin, Clopidogrel"
http://bio2rdf.org/clinicaltrials:NCT00263211,Plavix/Aspirin
http://bio2rdf.org/clinicaltrials:NCT01710072,aspirin
http://bio2rdf.org/clinicaltrials:NCT00265408,aspirin
http://bio2rdf.org/clinicaltrials:NCT01668901,aspirin
http://bio2rdf.org/clinicaltrials:NCT00272311,Aspirin
http://bio2rdf.org/clinicaltrials:NCT00272337,Aspirin
http://bio2rdf.org/clinicaltrials:NCT00443794,Thiazide + Ramipril+Atenolol+Aspirin
http://bio2rdf.org/clinicaltrials:NCT00719537,Aspirin and placebo
http://bio2rdf.org/clinicaltrials:NCT00790452,Aspirin
http://bio2rdf.org/clinicaltrials:NCT00687076,Aspirin
http://bio2rdf.org/clinicaltrials:NCT00793754,Aspirin + Atorvastatin
http://bio2rdf.org/clinicaltrials:NCT00793754,Aspirin
http://bio2rdf.org/clinicaltrials:NCT00799396,Aspirin
http://bio2rdf.org/clinicaltrials:NCT01051778,enoxaparin 40mg plus low dose aspirin
http://bio2rdf.org/clinicaltrials:NCT01062360,"Acetylsalicylic Acid (Aspirin Complex, BAYE4465) + Pseudoephedrine"
http://bio2rdf.org/clinicaltrials:NCT01066923,Daily aspirin (ASA)
http://bio2rdf.org/clinicaltrials:NCT01420094,"Acetylsalicyclic acid (Fast release Aspirin, BAY1019036)"
http://bio2rdf.org/clinicaltrials:NCT01426438,Aspirin
http://bio2rdf.org/clinicaltrials:NCT01429272,Aspirin
http://bio2rdf.org/clinicaltrials:NCT01779401,Aspirin 100mg
http://bio2rdf.org/clinicaltrials:NCT01775839,Aspirin+Clopidogrel/Digoxin(oral)
http://bio2rdf.org/clinicaltrials:NCT01781611,extended release dipyridamole 200mg/aspirin 25mg
http://bio2rdf.org/clinicaltrials:NCT02123849,Aspirin
http://bio2rdf.org/clinicaltrials:NCT02234427,Aspirin
http://bio2rdf.org/clinicaltrials:NCT01800357,aspirin
http://bio2rdf.org/clinicaltrials:NCT01802775,Aspirin
http://bio2rdf.org/clinicaltrials:NCT02155985,Aspirin placebo
http://bio2rdf.org/clinicaltrials:NCT02268773,Acetylsalicylic acid low dose
http://bio2rdf.org/clinicaltrials:NCT02268773,Acetylsalicylic acid high dose
http://bio2rdf.org/clinicaltrials:NCT02169271,Aspirin
http://bio2rdf.org/clinicaltrials:NCT02280031,Acetylsalicylic Acid
http://bio2rdf.org/clinicaltrials:NCT00059306,aspirin
http://bio2rdf.org/clinicaltrials:NCT00405756,Aspirin
http://bio2rdf.org/clinicaltrials:NCT00683202,Acetylsalicylic acid
http://bio2rdf.org/clinicaltrials:NCT00725127,aspirin
http://bio2rdf.org/clinicaltrials:NCT01050153,Dalteparin sodium/aspirin
http://bio2rdf.org/clinicaltrials:NCT00805311,"atorvastatin, aspirin, losartan, amlodipine"
http://bio2rdf.org/clinicaltrials:NCT01012349,Aspirin - Bayer
http://bio2rdf.org/clinicaltrials:NCT01062360,"Acetylsalicylic Acid (Aspirin, BAYE4465)"
http://bio2rdf.org/clinicaltrials:NCT01013532,placebo of aspirin
http://bio2rdf.org/clinicaltrials:NCT02483169,Aspirin
http://bio2rdf.org/clinicaltrials:NCT01013532,Aspirin
http://bio2rdf.org/clinicaltrials:NCT01198379,aspirin
http://bio2rdf.org/clinicaltrials:NCT01431053,aspirin
http://bio2rdf.org/clinicaltrials:NCT01504867,Aspirin
http://bio2rdf.org/clinicaltrials:NCT01784159,Aspirin
http://bio2rdf.org/clinicaltrials:NCT01781611,81mg aspirin
http://bio2rdf.org/clinicaltrials:NCT01513070,Aspirin Enteric-coated Tablets
http://bio2rdf.org/clinicaltrials:NCT02247414,Aspirin
http://bio2rdf.org/clinicaltrials:NCT02238444,Aspirin
http://bio2rdf.org/clinicaltrials:NCT02247128,Aspirin + clopidogrel
http://bio2rdf.org/clinicaltrials:NCT02243137,acetylsalicylic acid
http://bio2rdf.org/clinicaltrials:NCT02144831,anti-thrombotic treatment using Aspirin (ASA 75-325mg) and Clopidogrel (75mg)
http://bio2rdf.org/clinicaltrials:NCT02260622,clopidogrel plus aspirin
http://bio2rdf.org/clinicaltrials:NCT02261025,acetylsalicylic acid
http://bio2rdf.org/clinicaltrials:NCT02271399,acetylsalicylic acid
http://bio2rdf.org/clinicaltrials:NCT02270242,Aspirin
http://bio2rdf.org/clinicaltrials:NCT02164864,Aspirin
http://bio2rdf.org/clinicaltrials:NCT02285153,Acetylsalicylic acid lysinate
http://bio2rdf.org/clinicaltrials:NCT00238667,"Antiplatelet (Aspirin, Dipyridamole, clopidogrel)"
http://bio2rdf.org/clinicaltrials:NCT00467584,High Dose Aspirin (1300 mg/day)
http://bio2rdf.org/clinicaltrials:NCT00467363,acetylsalicylic-acid (aspirin)
http://bio2rdf.org/clinicaltrials:NCT00468910,acetylsalicylic acid
http://bio2rdf.org/clinicaltrials:NCT00470561,Aspirin
http://bio2rdf.org/clinicaltrials:NCT00748371,aspirin
http://bio2rdf.org/clinicaltrials:NCT00753935,aspirin
http://bio2rdf.org/clinicaltrials:NCT00891670,aspirin
http://bio2rdf.org/clinicaltrials:NCT00895193,Aspirin 325 mg
http://bio2rdf.org/clinicaltrials:NCT01094457,"aspirin, clopidogrel, cilostazol"
http://bio2rdf.org/clinicaltrials:NCT01268917,aspirin
http://bio2rdf.org/clinicaltrials:NCT01108588,Placebo (to match Aspirin)
http://bio2rdf.org/clinicaltrials:NCT01276691,81 mg enteric coated aspirin
http://bio2rdf.org/clinicaltrials:NCT01557335,"EC aspirin (Bayer®) ,EC omeprazole (Prilosec®) , Clopidogrel (Plavix®)"
http://bio2rdf.org/clinicaltrials:NCT01887704,Aspirin
http://bio2rdf.org/clinicaltrials:NCT01888575,Risk of low dose aspirin discontinuation
http://bio2rdf.org/clinicaltrials:NCT01589978,Aspirin
http://bio2rdf.org/clinicaltrials:NCT02341638,Aspirin
http://bio2rdf.org/clinicaltrials:NCT02348203,Aspirin
http://bio2rdf.org/clinicaltrials:NCT02383771,Aspirin + Ticagrelor
http://bio2rdf.org/clinicaltrials:NCT02383771,Aspirin + Ticagrelor
http://bio2rdf.org/clinicaltrials:NCT00697151,Aspirin
http://bio2rdf.org/clinicaltrials:NCT00699998,Commercially-available Aspirin
http://bio2rdf.org/clinicaltrials:NCT01029743,Pharmacologic agents (e.g. LMWH/VKA/Fondaparinux/Aspirin and etc.)
http://bio2rdf.org/clinicaltrials:NCT01037491,rabeprazole plus aspirin versus rabeprazole plus clopidogrel
http://bio2rdf.org/clinicaltrials:NCT01448330,"HCP0911 / clopidogrel, aspirin"
http://bio2rdf.org/clinicaltrials:NCT02183220,Acetylsalicylic acid (ASA)
http://bio2rdf.org/clinicaltrials:NCT02187562,Aspirin
http://bio2rdf.org/clinicaltrials:NCT02224066,Aspirin 100 mg plus Clopidogrel 75 mg daily during three months following TAVI
http://bio2rdf.org/clinicaltrials:NCT02224131,Aspirin and clopidogrel
http://bio2rdf.org/clinicaltrials:NCT02224131,Aspirin and clopidogrel
http://bio2rdf.org/clinicaltrials:NCT00244426,aspirin
http://bio2rdf.org/clinicaltrials:NCT00357682,Aspirin
http://bio2rdf.org/clinicaltrials:NCT00363753,aspirin versus clopidogrel
http://bio2rdf.org/clinicaltrials:NCT00587496,valacyclovir plus aspirin
http://bio2rdf.org/clinicaltrials:NCT00748371,aspirin
http://bio2rdf.org/clinicaltrials:NCT00766896,Aspirin (platelet sensitive versus platelet hyperreactivity)
http://bio2rdf.org/clinicaltrials:NCT00906035,Dipyridamole 200mg and Aspirin 25mg bid:
http://bio2rdf.org/clinicaltrials:NCT00910065,"D,L-lysine acetylsalicylate (Aspirin, BAY81-8781) 250 mg IV"
http://bio2rdf.org/clinicaltrials:NCT01094457,"aspirin, clopidogrel"
http://bio2rdf.org/clinicaltrials:NCT01096706,Aspirin
http://bio2rdf.org/clinicaltrials:NCT01268917,aspirin
http://bio2rdf.org/clinicaltrials:NCT01102439,Aspirin
http://bio2rdf.org/clinicaltrials:NCT01559298,Aspirin
http://bio2rdf.org/clinicaltrials:NCT01867281,aspirin
http://bio2rdf.org/clinicaltrials:NCT01572961,acetylsalicilic acids (Aspirin)
http://bio2rdf.org/clinicaltrials:NCT01584791,clopidogrel bisulfate + aspirin
http://bio2rdf.org/clinicaltrials:NCT01584791,clopidogrel napadisilate + aspirin
http://bio2rdf.org/clinicaltrials:NCT01902498,Aspirin
http://bio2rdf.org/clinicaltrials:NCT01902498,Aspirin
http://bio2rdf.org/clinicaltrials:NCT01902498,Aspirin
http://bio2rdf.org/clinicaltrials:NCT02359643,Aspirin
http://bio2rdf.org/clinicaltrials:NCT02387086,Aspirin
http://bio2rdf.org/clinicaltrials:NCT02394093,"Acetylsalicylic acid (Aspirin, BAYE4465)"
http://bio2rdf.org/clinicaltrials:NCT00002527,acetylsalicylic acid
http://bio2rdf.org/clinicaltrials:NCT00007683,Aspirin
http://bio2rdf.org/clinicaltrials:NCT00418860,"Aspirin, Clopidogrel"
http://bio2rdf.org/clinicaltrials:NCT00697021,Aspirin 100mg and Plavix 75mg
http://bio2rdf.org/clinicaltrials:NCT01028079,"Acetylsalicylic Acid (Aspirin, BAYE4465)"
http://bio2rdf.org/clinicaltrials:NCT01464944,"Acetylsalicylic acid (Aspirin, BAYE4465)"
http://bio2rdf.org/clinicaltrials:NCT01464944,"Acetylsalicylic acid (Aspirin, BAYE4465)"
http://bio2rdf.org/clinicaltrials:NCT01465256,Aspirin
http://bio2rdf.org/clinicaltrials:NCT01464983,"Acetylsalicylic acid (Aspirin, BAYE4465)"
http://bio2rdf.org/clinicaltrials:NCT01466452,Aspirin
http://bio2rdf.org/clinicaltrials:NCT02189122,Aspirin 162 mg
http://bio2rdf.org/clinicaltrials:NCT02201771,Aspirin
http://bio2rdf.org/clinicaltrials:NCT02209350,Therapy: aspirin  and clopidogrel
http://bio2rdf.org/clinicaltrials:NCT02219412,Aspirin
http://bio2rdf.org/clinicaltrials:NCT02224235,Aspirin
http://bio2rdf.org/clinicaltrials:NCT02531451,Acetylsalicylic acid
http://bio2rdf.org/clinicaltrials:NCT02226926,Acetylsalicylic acid
http://bio2rdf.org/clinicaltrials:NCT00467584,Low Dose Aspirin (162 mg/day)
http://bio2rdf.org/clinicaltrials:NCT00578721,Aspirin
http://bio2rdf.org/clinicaltrials:NCT00590174,Aspirin
http://bio2rdf.org/clinicaltrials:NCT00898950,Aspirin
http://bio2rdf.org/clinicaltrials:NCT00898950,Aspirin
http://bio2rdf.org/clinicaltrials:NCT00910065,"D,L-lysine acetylsalicylate (Aspirin, BAY81-8781) 500 mg IV"
http://bio2rdf.org/clinicaltrials:NCT01264640,Aspirin and Clopidogrel
http://bio2rdf.org/clinicaltrials:NCT01275300,81 mg Aspirin
http://bio2rdf.org/clinicaltrials:NCT01108588,Aspirin
http://bio2rdf.org/clinicaltrials:NCT01559298,Aspirin (80 mg/d) + clopidogrel (75 mg/d)
http://bio2rdf.org/clinicaltrials:NCT01872858,Aspirin
http://bio2rdf.org/clinicaltrials:NCT01586975,"Aspirin, clopidogrel"
http://bio2rdf.org/clinicaltrials:NCT01894555,Aspirin
http://bio2rdf.org/clinicaltrials:NCT02350543,Aspirin
http://bio2rdf.org/clinicaltrials:NCT02370680,Aspirin
http://bio2rdf.org/clinicaltrials:NCT02394093,"Acetylsalicylic acid (Aspirin, BAYE4465)"
http://bio2rdf.org/clinicaltrials:NCT02394769,Placebo for Aspirin
http://bio2rdf.org/clinicaltrials:NCT02396732,Aspirin
http://bio2rdf.org/clinicaltrials:NCT00000157,Aspirin
http://bio2rdf.org/clinicaltrials:NCT00224679,Aspirin
http://bio2rdf.org/clinicaltrials:NCT00272454,Aspirin
http://bio2rdf.org/clinicaltrials:NCT00225849,Aspirin
http://bio2rdf.org/clinicaltrials:NCT00000151,Aspirin
http://bio2rdf.org/clinicaltrials:NCT00405613,Aspirin
http://bio2rdf.org/clinicaltrials:NCT00004728,Aspirin
http://bio2rdf.org/clinicaltrials:NCT00105209,Aspirin
http://bio2rdf.org/clinicaltrials:NCT00000152,Aspirin
http://bio2rdf.org/clinicaltrials:NCT00417898,Aspirin
http://bio2rdf.org/clinicaltrials:NCT00272324,Aspirin
http://bio2rdf.org/clinicaltrials:NCT00330772,Aspirin
http://bio2rdf.org/clinicaltrials:NCT00466154,Aspirin
http://bio2rdf.org/clinicaltrials:NCT00224809,Aspirin
http://bio2rdf.org/clinicaltrials:NCT00109382,Aspirin
http://bio2rdf.org/clinicaltrials:NCT00000161,Aspirin
http://bio2rdf.org/clinicaltrials:NCT00189618,Aspirin
http://bio2rdf.org/clinicaltrials:NCT00190307,aspirin 75 mg/day
http://bio2rdf.org/clinicaltrials:NCT00202020,Aspirin 100mg/day Oral
http://bio2rdf.org/clinicaltrials:NCT00697021,Aspirin (200mg) and/or Plavix (150mg) dosage according to TEG
http://bio2rdf.org/clinicaltrials:NCT00700687,aspirin and [NSAID]
http://bio2rdf.org/clinicaltrials:NCT01038583,100 mg enteric-coated aspirin
http://bio2rdf.org/clinicaltrials:NCT01452568,Aspirin
http://bio2rdf.org/clinicaltrials:NCT01465009,"Acetylsalicylic acid (Aspirin, BAYE4465)"
http://bio2rdf.org/clinicaltrials:NCT01464983,"Acetylsalicylic acid (Aspirin, BAYE4465)"
http://bio2rdf.org/clinicaltrials:NCT01466452,Aspirin
http://bio2rdf.org/clinicaltrials:NCT01466452,Aspirin
http://bio2rdf.org/clinicaltrials:NCT01470040,discontinuation of aspirin therapy
http://bio2rdf.org/clinicaltrials:NCT02176655,Sumatriptan succinate 12.5 mg/acetylsalicylic acid 325 mg
http://bio2rdf.org/clinicaltrials:NCT02181361,aspirin plus hirudin
http://bio2rdf.org/clinicaltrials:NCT02209909,aspirin continuation
http://bio2rdf.org/clinicaltrials:NCT02209909,aspirin discontinuation
http://bio2rdf.org/clinicaltrials:NCT02217501,12 months daily 75-100 mg aspirin
http://bio2rdf.org/clinicaltrials:NCT00368238,Aspirin (drug)
http://bio2rdf.org/clinicaltrials:NCT00578760,aspirin
http://bio2rdf.org/clinicaltrials:NCT00753935,aspirin
http://bio2rdf.org/clinicaltrials:NCT00886574,Aspirin
http://bio2rdf.org/clinicaltrials:NCT00761891,aspirin
http://bio2rdf.org/clinicaltrials:NCT00761891,aspirin
http://bio2rdf.org/clinicaltrials:NCT00898222,aspirin
http://bio2rdf.org/clinicaltrials:NCT00898950,Aspirin
http://bio2rdf.org/clinicaltrials:NCT00906035,Aspirin 25 mg bid
http://bio2rdf.org/clinicaltrials:NCT00910065,"Acetylsalicylic acid (Aspirin, BAYe4465) 300 mg Tablet"
http://bio2rdf.org/clinicaltrials:NCT01102439,Aspirin
http://bio2rdf.org/clinicaltrials:NCT01281111,Aspirin
http://bio2rdf.org/clinicaltrials:NCT01875185,Aspirin 81 mg PO daily x 7 days
http://bio2rdf.org/clinicaltrials:NCT01890005,Aspirin
http://bio2rdf.org/clinicaltrials:NCT02384070,Aspirin
http://bio2rdf.org/clinicaltrials:NCT02387229,Acetylsalicylic acid
http://bio2rdf.org/clinicaltrials:NCT02394093,"Acetylsalicylic acid (Aspirin, BAYE4465)"
http://bio2rdf.org/clinicaltrials:NCT02394769,Aspirin
http://bio2rdf.org/clinicaltrials:NCT00343876,aspirin
http://bio2rdf.org/clinicaltrials:NCT00000510,aspirin
http://bio2rdf.org/clinicaltrials:NCT00000469,aspirin
http://bio2rdf.org/clinicaltrials:NCT00427271,aspirin
http://bio2rdf.org/clinicaltrials:NCT00441519,aspirin
http://bio2rdf.org/clinicaltrials:NCT00000527,aspirin
http://bio2rdf.org/clinicaltrials:NCT00129038,aspirin
http://bio2rdf.org/clinicaltrials:NCT00000496,aspirin
http://bio2rdf.org/clinicaltrials:NCT00406991,aspirin
http://bio2rdf.org/clinicaltrials:NCT00000520,aspirin
http://bio2rdf.org/clinicaltrials:NCT00054938,aspirin
http://bio2rdf.org/clinicaltrials:NCT00000491,aspirin
http://bio2rdf.org/clinicaltrials:NCT00152724,aspirin
http://bio2rdf.org/clinicaltrials:NCT00000500,aspirin
http://bio2rdf.org/clinicaltrials:NCT00442052,aspirin
http://bio2rdf.org/clinicaltrials:NCT00004727,aspirin
http://bio2rdf.org/clinicaltrials:NCT00000479,Aspirin
http://bio2rdf.org/clinicaltrials:NCT00175838,Aspirin
http://bio2rdf.org/clinicaltrials:NCT00178464,aspirin
http://bio2rdf.org/clinicaltrials:NCT01033526,"Aspirin (Acetylsalicylic acid, BAYE4465)"
http://bio2rdf.org/clinicaltrials:NCT01449617,Aspirin  plus clopidogrel
http://bio2rdf.org/clinicaltrials:NCT01453400,"Acetylsalicylic Acid (Aspirin, BAY1019036) + placebo"
http://bio2rdf.org/clinicaltrials:NCT01470040,continuation of aspirin therapy
http://bio2rdf.org/clinicaltrials:NCT02189122,Aspirin 81 mg
http://bio2rdf.org/clinicaltrials:NCT02201667,Aspirin
http://bio2rdf.org/clinicaltrials:NCT02206815,Clopidogrel+Aspirin+Warfarin
http://bio2rdf.org/clinicaltrials:NCT02217501,1 month daily 75-100 mg aspirin
http://bio2rdf.org/clinicaltrials:NCT02229461,"Aspirin (Acetylsalicylic Acid, BAYE4465)"
http://bio2rdf.org/clinicaltrials:NCT00731302,aspirin and meloxicam
http://bio2rdf.org/clinicaltrials:NCT01072604,"Acetylsalicylic acid (Aspirin, BAYE4465)"
http://bio2rdf.org/clinicaltrials:NCT01081353,Aspirin Aspro
http://bio2rdf.org/clinicaltrials:NCT01514227,Aspirin or thienopyridine
http://bio2rdf.org/clinicaltrials:NCT01534026,Aspirin
http://bio2rdf.org/clinicaltrials:NCT02301780,Aspirin
http://bio2rdf.org/clinicaltrials:NCT02326779,Acetylsalicylic acid
http://bio2rdf.org/clinicaltrials:NCT02331511,Aspirin  80 mg daily
http://bio2rdf.org/clinicaltrials:NCT00122447,Aspirin
http://bio2rdf.org/clinicaltrials:NCT00129038,modified-release dipyridamole/aspirin
http://bio2rdf.org/clinicaltrials:NCT00135226,Placebo Aspirin
http://bio2rdf.org/clinicaltrials:NCT00594867,Aspirin - 325 mg per day + Placebo
http://bio2rdf.org/clinicaltrials:NCT00626392,aspirin (ASA)
http://bio2rdf.org/clinicaltrials:NCT00947843,aspirin + pregrel (Clopidogrel resinate)
http://bio2rdf.org/clinicaltrials:NCT01341964,Aspirin
http://bio2rdf.org/clinicaltrials:NCT01341964,Aspirin
http://bio2rdf.org/clinicaltrials:NCT01924325,Aspirin
http://bio2rdf.org/clinicaltrials:NCT01924104,Low dose aspirin
http://bio2rdf.org/clinicaltrials:NCT01932203,aspirin
http://bio2rdf.org/clinicaltrials:NCT02008981,Aspirin
http://bio2rdf.org/clinicaltrials:NCT02008942,PL2200 Aspirin Capsules
http://bio2rdf.org/clinicaltrials:NCT00222261,aspirin
http://bio2rdf.org/clinicaltrials:NCT00743197,Aspirin
http://bio2rdf.org/clinicaltrials:NCT01072604,"Acetylsalicylic acid (Aspirin, BAYE4465)"
http://bio2rdf.org/clinicaltrials:NCT01072604,"Acetylsalicylic acid (Aspirin, BAY1019036)"
http://bio2rdf.org/clinicaltrials:NCT01081353,Aspirin Migraine
http://bio2rdf.org/clinicaltrials:NCT01514227,Aspirin and thienopyridine
http://bio2rdf.org/clinicaltrials:NCT01518231,Aspirin
http://bio2rdf.org/clinicaltrials:NCT02285751,acetylsalicylic acid
http://bio2rdf.org/clinicaltrials:NCT02295826,Acetylsalicylic acid
http://bio2rdf.org/clinicaltrials:NCT02401269,Aspirin
http://bio2rdf.org/clinicaltrials:NCT00129805,Aspirin
http://bio2rdf.org/clinicaltrials:NCT01650792,Aspirin
http://bio2rdf.org/clinicaltrials:NCT02164578,Aspirin
http://bio2rdf.org/clinicaltrials:NCT02044250,Aspirin
http://bio2rdf.org/clinicaltrials:NCT01786200,Aspirin
http://bio2rdf.org/clinicaltrials:NCT02559414,Aspirin
http://bio2rdf.org/clinicaltrials:NCT02053909,Aspirin
http://bio2rdf.org/clinicaltrials:NCT01547390,Aspirin
http://bio2rdf.org/clinicaltrials:NCT00152646,"placebo, aspirine, clopidogrel"
http://bio2rdf.org/clinicaltrials:NCT00619073,Aspirin
http://bio2rdf.org/clinicaltrials:NCT00619073,clopidogrel + aspirin
http://bio2rdf.org/clinicaltrials:NCT00626392,aspirin placebo (ASA Pbo)
http://bio2rdf.org/clinicaltrials:NCT00947843,aspirin + placebo
http://bio2rdf.org/clinicaltrials:NCT00946907,Aspirin
http://bio2rdf.org/clinicaltrials:NCT01320982,acetylsalicylic acid
http://bio2rdf.org/clinicaltrials:NCT01328145,Acetylsalicylic acid
http://bio2rdf.org/clinicaltrials:NCT01968798,Aspirin
http://bio2rdf.org/clinicaltrials:NCT00027066,Aspirin placebo
http://bio2rdf.org/clinicaltrials:NCT00041938,aspirin
http://bio2rdf.org/clinicaltrials:NCT00222677,aspirin
http://bio2rdf.org/clinicaltrials:NCT00234299,Aspirin
http://bio2rdf.org/clinicaltrials:NCT00734123,Aspirin or clopidogrel
http://bio2rdf.org/clinicaltrials:NCT01072604,"Acetylsalicylic acid (Aspirin, BAY1019036)"
http://bio2rdf.org/clinicaltrials:NCT01081353,Acetylsalicylic Acid (Aspirin BAY1019036)